{"nodes":{"node:1":{"location":{"x":10,"y":10}},"node:4":{"location":{"x":180,"y":92}}},"selection":null,"view":{"scroll":{"x":-242.4775390625,"y":-127.106887817382812},"visible_rect":{"max":{"x":578.5224609375,"y":367.89312744140625},"min":{"x":-242.4775390625,"y":-127.106887817382812}},"zoom":1}}